Differentiator_Category,Mem0_Strength,memU_Strength,Memori_Strength,Zep_Graphiti_Strength
Architecture Innovation,Multi-level memory hierarchy,Autonomous Memory Agent,Multi-agent architecture,Temporal knowledge graphs
Performance Benchmark,26% accuracy improvement,92% accuracy on Locomo,Sub-second retrieval,"94.8% DMR, 18.5% LongMemEval"
Cost Efficiency,90% token cost reduction,90% cost reduction,Database infrastructure backing,98% token reduction
Ease of Integration,"Simple API, multiple SDKs",One-line integration,Framework integrations,Multi-language SDKs
Specialization Focus,General-purpose memory,AI companion specialization,Multi-agent systems focus,Enterprise agent memory
Enterprise Readiness,Production-ready with managed service,Enterprise edition available,GibsonAI infrastructure,Production-validated
Real-time Capability,Dynamic consolidation,Autonomous management,Automatic capture,Real-time graph updates
Memory Intelligence,Self-improving memory,Human-like memory evolution,Dual-mode intelligence,Bi-temporal modeling
Scalability Design,Horizontal scaling,Optimized online platform,Auto-scaling on demand,Graph partitioning
Community & Support,Large active community,Growing Discord community,Discord + GitHub presence,Academic + enterprise backing
